System,Build version,Test cycle,Scenario,Step name,Count,Avg. latency (s),ResponseTime,Min (s),Max (s),90th percentile of resp. time (s),Avg. sent bytes,Avg. received bytes,Success count,Lower std. dev. of resp. time (s),Upper std. dev. of resp. time (s),Std. dev. (s),Error count,% Errors,Sent bytes per second,Received bytes per second
WPC,HTS2402,01-Dec,WPC_MSP_Request,WPC_MSP_Request,221,0.041,0.042,0.009,1.059,0.064,"1,474","7,812.50",221,-0.236,0.32,0.139,0,0.00%,45,240
WPC,HTS2402,01-Dec,VOLT_API_TV05_INT_ProductOrder_Transaction,VOLT_API_TV05_INT_ProductOrder_Transaction,128,0,0.099,0.023,1.446,0.116,"4,036.69",542.992,128,-0.341,0.539,0.22,0,0.00%,72,10
WPC,HTS2402,01-Dec,VOLT_API_TV04_ProductInvetory_Transaction,VOLT_API_TV04_ProductInvetory_Transaction,128,0,0.02,0.011,0.104,0.028,"5,950",858,128,-0.001,0.041,0.01,0,0.00%,106,15
WPC,HTS2402,01-Dec,VOLT_API_TV03_ProductOrder_Transaction,VOLT_API_TV03_ProductOrder_Transaction,128,0,0.579,0.401,1.889,0.695,"7,236","44,608.98",128,0.199,0.96,0.19,0,0.00%,129,793
WPC,HTS2402,01-Dec,VOLT_API_TV02_CatalogManagement_Transaction,VOLT_API_TV02_CatalogManagement_Transaction,128,0,0.079,0.04,0.385,0.13,"1,762","1,24,747.55",128,-0.009,0.166,0.044,0,0.00%,31,"2,218"
WPC,HTS2402,01-Dec,VOLT_API_TV01_ProductOfferingQualification_Transaction,VOLT_API_TV01_ProductOfferingQualification_Transaction,128,0,0.339,0.19,3.04,0.478,"13,946.44","2,94,838.29",128,-0.236,0.914,0.288,0,0.00%,248,"5,242"
WPC,HTS2402,01-Dec,Reco_Data_Configuration,Reco_Data_Configuration,55,0.064,0.066,0.027,0.187,0.146,"1,601","2,309.35",55,-0.031,0.163,0.049,0,0.00%,12,18
WPC,HTS2402,01-Dec,Reco_API_Initialization,Reco_API_Initialization,55,0.089,0.089,0.018,1.069,0.055,"55,466.18",876.236,55,-0.379,0.557,0.234,0,0.00%,424,7
WPC,HTS2402,01-Dec,ROF_New_SinSub_MSP,26_ROFNew_SinSubMSP_OrdersummaryPage_Submitorder,31,0,0.216,0.127,1.283,0.259,"27,138.77","2,620.90",0,-0.182,0.614,0.199,31,100.00%,117,11
WPC,HTS2402,01-Dec,ROF_New_SinSub_MSP,25_ROFNew_SinSubMSP_customerappointmentPage_Clicknext,31,0,0.406,0.275,0.754,0.629,"28,331.87","5,533",31,0.175,0.637,0.116,0,0.00%,122,24
WPC,HTS2402,01-Dec,ROF_New_SinSub_MSP,24b_ROFNew_SinSubMSP_Billingpage_Clicknext-2,31,0,0.008,0.003,0.036,0.011,"2,971.48","1,035.32",31,-0.008,0.023,0.008,0,0.00%,13,4
WPC,HTS2402,01-Dec,ROF_New_SinSub_MSP,24a_ROFNew_SinSubMSP_Billingpage_Clicknext-1,31,0,0.01,0.004,0.08,0.014,"2,971.48","1,035.97",31,-0.017,0.036,0.013,0,0.00%,13,4
WPC,HTS2402,01-Dec,ROF_New_SinSub_MSP,24_ROFNew_SinSubMSP_Billingpage_Clicknext_MonthlyInvoice,31,0,0.094,0.061,0.296,0.122,"4,260.97","2,343.36",31,-0.003,0.191,0.049,0,0.00%,18,10
WPC,HTS2402,01-Dec,ROF_New_SinSub_MSP,23_ROFNew_SinSubMSP_ShippingPage_Clicknext,31,0,0.008,0.002,0.036,0.012,"1,826.48","1,036.32",31,-0.007,0.024,0.008,0,0.00%,8,4
WPC,HTS2402,01-Dec,ROF_New_SinSub_MSP,22_ROFNew_SinSubMSP_CreditinfoPage_Clicknext,31,0,1.465,0.003,45.132,0.019,"3,134.71","2,257.29",31,-14.48,17.41,7.973,0,0.00%,13,10
WPC,HTS2402,01-Dec,ROF_New_SinSub_MSP,21a_ROFNew_SinSubMSP_PCPage_clicknext_capped_popup_Confirm,31,0,4.051,0.045,120.02,0.431,"9,693.81","66,661.77",30,-38.297,46.398,21.174,1,3.23%,42,287
WPC,HTS2402,01-Dec,ROF_New_SinSub_MSP,21_ROFNew_SinSubMSP_PCPage_clicknext,31,0,7.57,0.472,122.558,9.241,"73,850.36","1,39,557.07",30,-35.074,50.214,21.322,1,3.23%,318,601
WPC,HTS2402,01-Dec,ROF_New_SinSub_MSP,20a_ROFNew_SinSubMSP_PCPage_Seamlessswitch_clcikconfirm,31,0,0.927,0.29,3.546,1.686,"37,375.45","70,489.23",31,-0.599,2.453,0.763,0,0.00%,161,303
WPC,HTS2402,01-Dec,ROF_New_SinSub_MSP,20_ROFNew_SinSubMSP_PCPage_Seamlessswitch_TransferMobility_Clicksave,31,0,0.639,0.009,2.775,2.034,"3,110.42","4,181.36",13,-1.055,2.334,0.847,18,58.06%,13,18
WPC,HTS2402,01-Dec,ROF_New_SinSub_MSP,19_ROFNew_SinSubMSP_PCPage_homephone_Select_lite,31,0,5.862,0.225,120.234,5.717,"36,274.39","65,868.61",30,-36.128,47.852,20.995,1,3.23%,156,284
WPC,HTS2402,01-Dec,ROF_New_SinSub_MSP,18_ROFNew_SinSubMSP_ROF_ApplyToOrder,31,0,15.008,7.654,124.775,15.983,"34,364.10","76,561.58",30,-25.646,55.663,20.327,1,3.23%,148,330
WPC,HTS2402,01-Dec,ROF_New_SinSub_MSP,17_ROFNew_SinSubMSP_ROF_MSP_Continue,31,0,0.582,0.401,1.963,0.69,"26,676.77","5,630.90",31,0.041,1.123,0.27,0,0.00%,115,24
WPC,HTS2402,01-Dec,ROF_New_SinSub_MSP,16_ROFNew_SinSubMSP_ROF_MSP_SelectMSP,31,0,2.131,1.45,4.25,2.787,"30,683.26","6,814.16",31,0.979,3.282,0.576,0,0.00%,132,29
WPC,HTS2402,01-Dec,ROF_New_SinSub_MSP,15_ROFNew_SinSubMSP_ROF_AddOn_Continue,31,0,3.742,1.645,13.028,5.993,"35,503.29","8,980.26",31,-1.257,8.741,2.499,0,0.00%,153,39
WPC,HTS2402,01-Dec,ROF_New_SinSub_MSP,14_ROFNew_SinSubMSP_ROF_RatePlan_Continue,31,0,2.971,1.74,7.49,5.418,"34,811.55","9,321.32",31,0.254,5.688,1.359,0,0.00%,150,40
WPC,HTS2402,01-Dec,ROF_New_SinSub_MSP,13_ROFNew_SinSubMSP_ROF_RatePlan_SelectPlan,31,0,2.805,1.276,6.087,4.569,"32,507.52","8,174.10",31,0.012,5.598,1.396,0,0.00%,140,35
WPC,HTS2402,01-Dec,ROF_New_SinSub_MSP,12_ROFNew_SinSubMSP_ROF_RatePlan_SeeAllPlan,31,0,0.045,0.027,0.19,0.046,"2,347.29","1,018.16",31,-0.025,0.115,0.035,0,0.00%,10,4
WPC,HTS2402,01-Dec,ROF_New_SinSub_MSP,11_ROFNew_SinSubMSP_ROF_DeviceSelctn_Continue,31,0,3.481,1.57,8.7,6.643,"38,538.55","9,874.65",31,-0.576,7.537,2.028,0,0.00%,166,43
WPC,HTS2402,01-Dec,ROF_New_SinSub_MSP,10_ROFNew_SinSubMSP_ROF_DeviceSelectn_PopUpConfirm,31,0,61.525,4.149,104.13,103.335,"38,608.55","8,873.94",13,-34.056,157.105,47.79,18,58.06%,166,38
WPC,HTS2402,01-Dec,ROF_New_SinSub_MSP,09_ROFNew_SinSubMSP_ROF_DeviceSelctn_ClickDevice,31,0,1.297,0.068,6.222,3.511,"3,248.74","1,039.16",31,-1.912,4.506,1.605,0,0.00%,14,4
WPC,HTS2402,01-Dec,ROF_New_SinSub_MSP,08_ROFNew_SinSubMSP_ROF_LGS_Continue,31,0,95.903,2.773,170.462,162.446,"35,332.29","10,101.13",13,-60.308,252.115,78.106,18,58.06%,152,43
WPC,HTS2402,01-Dec,ROF_New_SinSub_MSP,07a_ROFNew_SinSubMSP_ROF_LGS_AssignPhnNo,31,0,37.653,3.685,61.059,61.035,"3,114.74",926.581,13,-17.431,92.736,27.542,18,58.06%,13,4
WPC,HTS2402,01-Dec,ROF_New_SinSub_MSP,07_ROFNew_SinSubMSP_ROF_LGS_AssignPhnNo,31,0,1.61,0.416,6.347,3.06,"24,003.03","4,628.74",31,-1.306,4.526,1.458,0,0.00%,103,20
WPC,HTS2402,01-Dec,ROF_New_SinSub_MSP,06_ROFNew_SinSubMSP_PCPage_expandmobility_clickonfig,31,0,3.515,1.697,6.763,5.706,"39,194.58","5,62,168.42",31,0.61,6.42,1.453,0,0.00%,169,"2,420"
WPC,HTS2402,01-Dec,ROF_New_SinSub_MSP,05_ROFNew_SinSubMSP_CustinfoPage_NewLine_next,31,0,51.986,29.508,68.635,67.764,"41,453.71","5,11,828.42",31,19.753,84.219,16.116,0,0.00%,178,"2,204"
WPC,HTS2402,01-Dec,ROF_New_SinSub_MSP,04_ROFNew_SinSubMSP_CustomerifoPage_Search,31,0,0.524,0.396,1.636,0.775,"4,038.29","23,622.52",31,-0.033,1.081,0.278,0,0.00%,17,102
WPC,HTS2402,01-Dec,ROF_New_SinSub_MSP,03_ROFNew_SinSubMSP_HomePage_Startorder,31,0,0.156,0.016,3.48,0.05,"3,676.87","29,080.84",31,-1.071,1.382,0.613,0,0.00%,16,125
WPC,HTS2402,01-Dec,ROF_New_SinSub_MSP,02_ROFNew_SinSubMSP_HomePage_NewAccount,31,0,0.062,0.005,1.574,0.025,"1,664.13","9,473.29",31,-0.491,0.614,0.276,0,0.00%,7,41
WPC,HTS2402,01-Dec,ROF_New_SinSub_MSP,01_ROFNew_SinSubMSP_Agentidsubmit,31,0,0.248,0.096,1.186,0.532,"4,216.55","47,451.84",31,-0.291,0.788,0.27,0,0.00%,18,204
WPC,HTS2402,01-Dec,ROF_New_SinSub_MSP,00_ROFNew_SinSubMSP_LaunchPage,31,0,0.192,0,3.893,0.053,281.323,"17,001.26",31,-1.316,1.7,0.754,0,0.00%,1,73
WPC,HTS2402,01-Dec,ROF_New_RemoveMobility,27_ROFNew_RemoveMob_OrdersummaryPage_SubmitOrder,35,0,0.018,0.003,0.399,0.012,"3,320.29","1,035.20",0,-0.113,0.148,0.065,35,100.00%,16,5
WPC,HTS2402,01-Dec,ROF_New_RemoveMobility,26_ROFNew_RemoveMob_customerappointmentPage_Clicknext,35,0,0.01,0.003,0.067,0.012,"1,790.29","1,034.46",35,-0.018,0.038,0.014,0,0.00%,9,5
WPC,HTS2402,01-Dec,ROF_New_RemoveMobility,25b_ROFNew_RemoveMob_Billingpage_Clicknext2,35,0,0.006,0.003,0.023,0.009,"2,708.29","1,035.57",35,-0.001,0.013,0.004,0,0.00%,13,5
WPC,HTS2402,01-Dec,ROF_New_RemoveMobility,25a_ROFNew_RemoveMob_Billingpage_Clicknext,35,0,0.012,0.003,0.189,0.011,"2,707.29","1,035.57",35,-0.049,0.074,0.031,0,0.00%,13,5
WPC,HTS2402,01-Dec,ROF_New_RemoveMobility,25_ROFNew_RemoveMob_Billingpage_enteremail,35,0,0.113,0.067,1.096,0.104,"3,964.57","2,342.60",35,-0.225,0.452,0.169,0,0.00%,19,11
WPC,HTS2402,01-Dec,ROF_New_RemoveMobility,24_ROFNew_RemoveMob_CreditinfoPage_Clicknext,35,0,2.872,0.004,45.103,3.338,"3,322.20","12,283.74",35,-11.908,17.652,7.39,0,0.00%,16,60
WPC,HTS2402,01-Dec,ROF_New_RemoveMobility,23_ROFNew_RemoveMob_PCPage_clicknext,35,0,3.01,1.503,11.418,6.463,"10,027.37","69,460.91",35,-1.871,7.891,2.44,0,0.00%,49,338
WPC,HTS2402,01-Dec,ROF_New_RemoveMobility,22_ROFNew_RemoveMob_PCPage_UnderTVLob_UnderFeesandWaivers_Remove121$,35,0,3.561,0.205,61.894,4.977,"12,530.23","75,240.14",35,-16.814,23.937,10.188,0,0.00%,61,366
WPC,HTS2402,01-Dec,ROF_New_RemoveMobility,21_ROFNew_RemoveMob_PCPage_ClickonApplytoOrder,35,0,4.158,0.22,62.837,6.39,"7,039.94","75,259.40",35,-16.6,24.917,10.379,0,0.00%,34,366
WPC,HTS2402,01-Dec,ROF_New_RemoveMobility,20_ROFNew_RemoveMob_PCPage_UnselectCrave_UnderMoviePackage,35,0,36.687,3.049,62.467,61.302,"1,298.29","66,659.20",35,-20.178,93.553,28.433,0,0.00%,6,324
WPC,HTS2402,01-Dec,ROF_New_RemoveMobility,19_ROFNew_RemoveMob_PCPage_UnderTVProgrammingOffers_ClickEdit,35,0,2.232,0.444,5.603,4.893,"9,839.63","88,129.06",35,-1.772,6.235,2.002,0,0.00%,48,428
WPC,HTS2402,01-Dec,ROF_New_RemoveMobility,18_ROFNew_RemoveMob_PCPage_homephone_SelectLite,35,0,2.055,0.045,8.13,4.567,"12,423.51","74,817",35,-2.887,6.998,2.471,0,0.00%,60,364
WPC,HTS2402,01-Dec,ROF_New_RemoveMobility,17_ROFNew_RemoveMob_PCPage_Seamlessswitch_clcikconfirm,35,0,0.224,0.116,0.486,0.348,"13,931.66","78,389.26",15,0.016,0.433,0.104,20,57.14%,68,381
WPC,HTS2402,01-Dec,ROF_New_RemoveMobility,16_ROFNew_RemoveMob_PCPage_Remove_Mobility-0_PopUpConfirm,35,0,2.986,0.048,8.622,7.204,"12,529.66","75,399.83",35,-3.747,9.719,3.367,0,0.00%,61,367
WPC,HTS2402,01-Dec,ROF_New_RemoveMobility,15_ROFNew_RemoveMob_ROF_ApplyToOrder,35,0,11.927,7.644,22.19,18.259,"34,525.51","80,305.97",35,3.653,20.201,4.137,0,0.00%,168,390
WPC,HTS2402,01-Dec,ROF_New_RemoveMobility,14_ROFNew_RemoveMob_ROF_MSP_Continue,35,0,0.569,0.405,1.191,0.776,"26,706.29","5,545.69",35,0.23,0.908,0.169,0,0.00%,130,27
WPC,HTS2402,01-Dec,ROF_New_RemoveMobility,13_ROFNew_RemoveMob_ROF_AddOn_Continue,35,0,3.578,1.637,7.746,5.409,"35,567.43","8,922.74",35,0.597,6.559,1.49,0,0.00%,173,43
WPC,HTS2402,01-Dec,ROF_New_RemoveMobility,12_ROFNew_RemoveMob_ROF_RatePlan_Continue,35,0,3.347,1.737,21.122,4.412,"34,866.57","9,175.31",35,-3.015,9.708,3.181,0,0.00%,169,45
WPC,HTS2402,01-Dec,ROF_New_RemoveMobility,11_ROFNew_RemoveMob_ROF_DeviceSelctn_Continue,35,0,3.77,1.674,8.587,6.037,"40,303.57","10,480.03",35,0.166,7.374,1.802,0,0.00%,196,51
WPC,HTS2402,01-Dec,ROF_New_RemoveMobility,10_ROFNew_RemoveMob_ROF_DeviceSelctn_PopUpConfirm,35,0,61.02,4.28,104.094,102.455,"37,815.57","8,614.43",15,-33.817,155.858,47.419,20,57.14%,184,42
WPC,HTS2402,01-Dec,ROF_New_RemoveMobility,09_ROFNew_RemoveMob_ROF_DeviceSelctn_ClickDevice,35,0,1.262,0.064,7.288,3.094,"3,261.86","1,039.71",35,-1.676,4.2,1.469,0,0.00%,16,5
WPC,HTS2402,01-Dec,ROF_New_RemoveMobility,08_ROFNew_RemoveMob_ROF_LGS_Continue,35,0,94.175,2.549,162.706,161.617,"37,368","11,887.91",15,-61.541,249.892,77.858,20,57.14%,182,58
WPC,HTS2402,01-Dec,ROF_New_RemoveMobility,07_ROFNew_RemoveMob_ROF_LGS_AssignPhnNo,35,0,1.892,0.477,10.983,3.197,"24,293.43","4,674.17",35,-2.153,5.936,2.022,0,0.00%,118,23
WPC,HTS2402,01-Dec,ROF_New_RemoveMobility,06_ROFNew_RemoveMob_PCPage_expandmobility_clickonfig,35,0,3.9,1.784,12.895,5.803,"39,287.46","5,80,237.49",35,-0.303,8.103,2.102,0,0.00%,191,"2,821"
WPC,HTS2402,01-Dec,ROF_New_RemoveMobility,05_ROFNew_RemoveMob_CustinfoPage_NewLine_next,35,0,51.997,30.059,69.735,66.956,"41,756.54","5,26,716.06",35,20.256,83.737,15.87,0,0.00%,203,"2,560"
WPC,HTS2402,01-Dec,ROF_New_RemoveMobility,04_ROFNew_RemoveMob_CustomerifoPage_Search,35,0,0.594,0.395,2.585,0.897,"4,050.14","23,630.06",35,-0.379,1.567,0.486,0,0.00%,20,115
WPC,HTS2402,01-Dec,ROF_New_RemoveMobility,03_ROFNew_RemoveMob_HomePage_Startorder,35,0,0.168,0.019,3.479,0.161,"3,767.91","29,336.83",35,-1.031,1.367,0.599,0,0.00%,18,143
WPC,HTS2402,01-Dec,ROF_New_RemoveMobility,02_ROFNew_RemoveMob_HomePage_NewAccount,35,0,0.015,0.004,0.112,0.031,"1,683.60","9,498.43",35,-0.023,0.052,0.019,0,0.00%,8,46
WPC,HTS2402,01-Dec,ROF_New_RemoveMobility,01_ROFNew_RemoveMob_Agentidsubmit,35,0,0.361,0.098,1.268,1.203,"4,987.20","51,165.20",35,-0.436,1.158,0.399,0,0.00%,24,249
WPC,HTS2402,01-Dec,ROF_New_RemoveMobility,00_ROFNew_RemoveMob_LaunchPage,35,0,0.061,0,1.902,0.02,268.657,"15,193.26",34,-0.572,0.693,0.316,1,2.86%,1,74
WPC,HTS2402,01-Dec,ROF_New_MultiSub,33_ROFNew_MultiSub_OrderSummary_SubmitOrder,45,0,0.172,0.118,0.257,0.225,"27,110.58","2,620.51",0,0.107,0.237,0.033,45,100.00%,169,16
WPC,HTS2402,01-Dec,ROF_New_MultiSub,32_ROFNew_MultiSub_CustomerAppointment_ClickOnNext,45,0,0.537,0.3,0.941,0.619,"31,982.64","7,046.87",45,0.305,0.77,0.116,0,0.00%,200,44
WPC,HTS2402,01-Dec,ROF_New_MultiSub,31a_ROFNew_MultiSub_BillingInfo_ClickOnNext,45,0,0.007,0.003,0.016,0.01,"2,968.33","1,035.47",45,0.001,0.012,0.003,0,0.00%,19,6
WPC,HTS2402,01-Dec,ROF_New_MultiSub,31_ROFNew_MultiSub_BillingInfo_ClickOnNext,45,0,0.009,0.002,0.109,0.01,"2,967.33","1,034.91",45,-0.022,0.039,0.015,0,0.00%,19,6
WPC,HTS2402,01-Dec,ROF_New_MultiSub,30_ROFNew_MultiSub_BillingInfo_EnterEmailId_ClickOnMonthlyInvoice,45,0,0.095,0.061,0.288,0.127,"4,316.67","2,342.80",45,0.024,0.166,0.035,0,0.00%,27,15
WPC,HTS2402,01-Dec,ROF_New_MultiSub,29_ROFNew_MultiSub_ShippingPage_ClickNext,45,0,0.007,0.002,0.021,0.01,"1,823.33","1,036.16",45,0,0.013,0.003,0,0.00%,11,6
WPC,HTS2402,01-Dec,ROF_New_MultiSub,28_ROFNew_MultiSub_CreditInfo_ClickNext,45,0,0.011,0.004,0.066,0.015,"3,057.33","1,036.22",45,-0.009,0.03,0.01,0,0.00%,19,6
WPC,HTS2402,01-Dec,ROF_New_MultiSub,27_ROFNew_MultiSub_PCPage_CappedInternet_Popup_conform,45,0,5.529,0.041,120.029,0.451,"9,656.91","65,599.18",43,-43.86,54.917,24.694,2,4.44%,60,410
WPC,HTS2402,01-Dec,ROF_New_MultiSub,26_ROFNew_MultiSub_PCpage_ClickNext_1,45,0,4.463,0.354,65.038,4.775,"38,926.53","73,390.89",45,-21.584,30.509,13.023,0,0.00%,243,459
WPC,HTS2402,01-Dec,ROF_New_MultiSub,26_ROFNew_MultiSub_PCpage_ClickNext,9,0,0,0,0,0,0,0,9,0,0,0,0,0.00%,0,0
WPC,HTS2402,01-Dec,ROF_New_MultiSub,25a_ROFNew_MultiSub_PCpage_SelectProfessionalInstallation,45,0,7.967,0.291,120.277,7.118,"38,932.76","69,095.16",43,-40.783,56.716,24.375,2,4.44%,243,432
WPC,HTS2402,01-Dec,ROF_New_MultiSub,25_ROFNew_MultiSub_PCpageExpand_HomePhone_SelectHomephn_Lite,45,0,7.798,0.312,120.296,6.709,"39,204.42","67,114.22",43,-41.009,56.606,24.404,2,4.44%,245,419
WPC,HTS2402,01-Dec,ROF_New_MultiSub,24_ROFNew_MultiSub_PCpage_SeamlessSwitch_Select-NO-fromPopup_SaveResponse,45,0,0.734,0.378,4.229,1.077,"40,825.02","84,285.73",20,-0.541,2.008,0.637,25,55.56%,255,527
WPC,HTS2402,01-Dec,ROF_New_MultiSub,23_ROFNew_MultiSub_ROF_ApplyToOrder,45,0,15.424,1.005,75.007,20.486,"37,171.04","82,054.60",45,-10.711,41.559,13.068,0,0.00%,232,513
WPC,HTS2402,01-Dec,ROF_New_MultiSub,22_ROFNew_MultiSub_ROF_ChangeNameSub2,45,0,2.01,0.767,12.999,3.332,"26,433.73","6,434.49",45,-1.642,5.662,1.826,0,0.00%,165,40
WPC,HTS2402,01-Dec,ROF_New_MultiSub,21_ROFNew_MultiSub_ROF_MSP_ContinueSub2,45,0,0.703,0.575,1.016,0.811,"26,688.22","6,336.80",45,0.511,0.896,0.096,0,0.00%,167,40
WPC,HTS2402,01-Dec,ROF_New_MultiSub,20_ROFNew_MultiSub_ROF_MSP_ContinueSub1,45,0,1.256,0.869,2.881,1.381,"41,411.67","11,764.76",45,0.677,1.835,0.289,0,0.00%,259,74
WPC,HTS2402,01-Dec,ROF_New_MultiSub,19_ROFNew_MultiSub_ROF_AddOn_ContinueSub2,45,0,4.478,2.485,7.227,5.607,"39,164.42","12,043.76",45,2.563,6.393,0.958,0,0.00%,245,75
WPC,HTS2402,01-Dec,ROF_New_MultiSub,18_ROFNew_MultiSub_ROF_AddOn_ContinueSub1,45,0,4.598,0.583,18.657,7.12,"33,246.44","10,190.87",45,-0.879,10.074,2.738,0,0.00%,208,64
WPC,HTS2402,01-Dec,ROF_New_MultiSub,17_ROFNew_MultiSub_ROF_RatePlan_Continue,45,0,5.793,0.706,14.412,7.081,"36,852.98","10,727.96",44,1.435,10.151,2.179,1,2.22%,230,67
WPC,HTS2402,01-Dec,ROF_New_MultiSub,16_ROFNew_MultiSub_ROF_DeviceSelctn_Continue2,45,0,5.948,0.541,15.664,7.912,"34,490.22","9,508.69",45,1.449,10.447,2.25,0,0.00%,216,59
WPC,HTS2402,01-Dec,ROF_New_MultiSub,15_ROFNew_MultiSub_ROF_DeviceSelctn_ClickDeviceSub2,45,0,6.249,5.035,8.976,7.11,"37,731.47","10,502.42",45,4.612,7.885,0.818,0,0.00%,236,66
WPC,HTS2402,01-Dec,ROF_New_MultiSub,14_ROFNew_MultiSub_ROF_DeviceSelctn_Continue1,45,0,5.6,2.214,10.277,9.037,"15,628.96","8,602.07",45,0.934,10.266,2.333,0,0.00%,98,54
WPC,HTS2402,01-Dec,ROF_New_MultiSub,13_ROFNew_MultiSub_ROF_DeviceSelctn_PopUpConfirm,9,0,0,0,0,0,0,0,9,0,0,0,0,0.00%,0,0
WPC,HTS2402,01-Dec,ROF_New_MultiSub,12_ROFNew_MultiSub_ROF_DeviceSelctn_ClickDeviceSub1,45,0,63.733,4.792,119.549,105.864,"40,150.16","9,547.40",19,-33.694,161.159,48.713,26,57.78%,251,60
WPC,HTS2402,01-Dec,ROF_New_MultiSub,11_ROFNew_MultiSub_ROF_LGS_Continue,45,0,95.522,3.371,162.569,161.683,"35,556.16","10,280.82",19,-59.112,250.155,77.317,26,57.78%,222,64
WPC,HTS2402,01-Dec,ROF_New_MultiSub,10_ROFNew_MultiSub_ROF_LGS_AssignPhnNo2,45,0,2.294,0.58,8.322,4.088,"25,099.49","5,056.47",45,-0.95,5.537,1.622,0,0.00%,157,32
WPC,HTS2402,01-Dec,ROF_New_MultiSub,09_ROFNew_MultiSub_ROF_LGS_AssignPhnNo1,45,0,1.439,0.352,6.256,2.26,"3,269.73","1,016.76",45,-0.958,3.837,1.199,0,0.00%,20,6
WPC,HTS2402,01-Dec,ROF_New_MultiSub,08_ROFNew_MultiSub_ROF_IncreaseSubsTo2,45,0,2.71,1.689,6.551,4.209,"28,515.22","7,474.33",45,0.759,4.66,0.975,0,0.00%,178,47
WPC,HTS2402,01-Dec,ROF_New_MultiSub,07_ROFNew_MultiSub_PCpage_Expand_Mobility_ClickConfigure,45,0,4.03,1.577,22.217,6.479,"39,222.78","5,80,213.53",45,-2.328,10.387,3.179,0,0.00%,245,"3,626"
WPC,HTS2402,01-Dec,ROF_New_MultiSub,06_ROFNew_MultiSub_CustomerInfo_selectCheckbox&ClickNext,45,0,53.168,29.379,120.313,67.595,"41,806.78","5,25,061.53",19,15.336,91,18.916,26,57.78%,261,"3,282"
WPC,HTS2402,01-Dec,ROF_New_MultiSub,05_ROFNew_MultiSub_CustomerInfo_Enterdetails&ClickSearch,45,0,0.518,0.384,4.202,0.471,"4,058.80","23,619.36",45,-0.613,1.65,0.566,0,0.00%,25,148
WPC,HTS2402,01-Dec,ROF_New_MultiSub,04_ROFNew_MultiSub_Home_ClickStartOrder,45,0,0.165,0.017,4.235,0.14,"3,748.87","29,336.67",45,-1.106,1.437,0.636,0,0.00%,23,183
WPC,HTS2402,01-Dec,ROF_New_MultiSub,03_ROFNew_MultiSub_Home_ClickNewAccount,45,0,0.012,0.005,0.038,0.02,"1,675.27","9,499.22",45,-0.004,0.028,0.008,0,0.00%,10,59
WPC,HTS2402,01-Dec,ROF_New_MultiSub,02_ROFNew_MultiSub_HomePage_ChangeLang,9,0,0,0,0,0,0,0,9,0,0,0,0,0.00%,0,0
WPC,HTS2402,01-Dec,ROF_New_MultiSub,01_ROFNew_MultiSub_Enter_UserId,45,0,0.303,0.096,2.598,0.576,"4,919.27","48,736.42",45,-0.589,1.195,0.446,0,0.00%,31,305
WPC,HTS2402,01-Dec,ROF_New_MultiSub,00_ROFNew_MultiSub_Initial_Page,45,0,0.046,0,1.909,0.017,290.267,"17,567.73",45,-0.516,0.608,0.281,0,0.00%,2,110
WPC,HTS2402,01-Dec,ROF_New_BYOD,23_ROFNewBYOD_OrderSummaryPage_SubmitOrder,25,0,0.197,0.147,0.359,0.247,"28,062.80","3,110.16",0,0.097,0.297,0.05,25,100.00%,97,11
WPC,HTS2402,01-Dec,ROF_New_BYOD,22_ROFNewBYOD_CustomerAppointmentPage_ClickNext,25,0,0.731,0.321,5.903,0.761,"31,927.12","7,046.20",25,-1.41,2.873,1.071,0,0.00%,111,24
WPC,HTS2402,01-Dec,ROF_New_BYOD,21a_ROFNewBYOD_BillingInfo_ClickNext,25,0,0.019,0.003,0.309,0.014,"2,963.60","1,035.64",25,-0.1,0.137,0.059,0,0.00%,10,4
WPC,HTS2402,01-Dec,ROF_New_BYOD,21_ROFNewBYOD_BillingInfo_MonthlyInvoice_ClickNext,25,0,0.15,0.071,1.357,0.151,"7,268.80","3,376.60",25,-0.346,0.645,0.248,0,0.00%,25,12
WPC,HTS2402,01-Dec,ROF_New_BYOD,20_ROFNewBYOD_Shipping_ClickNext,25,0,0.032,0.003,0.63,0.012,"1,810.60","1,036.44",25,-0.212,0.276,0.122,0,0.00%,6,4
WPC,HTS2402,01-Dec,ROF_New_BYOD,19_ROFNewBYOD_CreditInfo_EnterDetails&ClickNext,25,0,0.088,0.003,1.991,0.019,"3,060.60","1,035",25,-0.689,0.865,0.388,0,0.00%,11,4
WPC,HTS2402,01-Dec,ROF_New_BYOD,18_ROFNewBYOD_PCpage_PopUpClickNext ,25,0,4.995,0.032,120.038,0.424,"9,054.12","70,856.72",24,-41.974,51.963,23.484,1,4.00%,31,246
WPC,HTS2402,01-Dec,ROF_New_BYOD,17_ROFNewBYOD_PCpage_ClickNext ,25,0,4.289,0.325,65.656,3.87,"38,235.40","78,263.12",25,-21.033,29.611,12.661,0,0.00%,133,272
WPC,HTS2402,01-Dec,ROF_New_BYOD,16a_ROFNewBYOD_PC_Page_Profesional_install,25,0,7.037,0.284,120.277,5.528,"38,159.44","74,277.44",24,-39.416,53.49,23.227,1,4.00%,132,258
WPC,HTS2402,01-Dec,ROF_New_BYOD,16_ROFNewBYOD_PCpage_SeamlessSwitch_Select-NO,25,0,0.48,0.304,0.776,0.719,"39,793.52","80,977.48",11,0.201,0.758,0.139,14,56.00%,138,281
WPC,HTS2402,01-Dec,ROF_New_BYOD,15a_ROFNewBYOD_PCPage_homephone_Select_lite,25,0,6.448,0.025,120.013,4.778,"8,191.72","66,432.12",24,-40.088,52.985,23.268,1,4.00%,28,231
WPC,HTS2402,01-Dec,ROF_New_BYOD,15_ROFNewBYOD_PCpage_Homephone_US-Canada500,25,0,7.497,0.302,120.232,7.622,"38,489.16","67,723.32",24,-38.992,53.986,23.244,1,4.00%,134,235
WPC,HTS2402,01-Dec,ROF_New_BYOD,14_ROFNewBYOD_ROF_ApplyToOrder,25,0,19.023,9.366,125.067,20.91,"88,976.60","89,611.16",24,-24.916,62.963,21.97,1,4.00%,309,311
WPC,HTS2402,01-Dec,ROF_New_BYOD,13a_ROFNewBYOD_ROF_Specialoffer,25,0,1.012,0.179,8.998,1.042,"26,629.52","6,028.20",25,-2.277,4.302,1.645,0,0.00%,92,21
WPC,HTS2402,01-Dec,ROF_New_BYOD,13_ROFNewBYOD_ROF_MSP_Continue,25,0,1.23,0.594,2.518,1.362,"41,249.56","10,989.48",25,0.582,1.878,0.324,0,0.00%,143,38
WPC,HTS2402,01-Dec,ROF_New_BYOD,12a_ROFNewBYOD_ROF_AddOn_Continue,25,0,5.995,2.982,19.628,8.17,"43,929.96","12,963.44",25,-2.089,14.079,4.042,0,0.00%,153,45
WPC,HTS2402,01-Dec,ROF_New_BYOD,12_ROFNewBYOD_ROF_AddOn_Continue,25,0,4.004,1.966,6.611,5.637,"33,134.04","10,102.04",25,1.271,6.738,1.367,0,0.00%,115,35
WPC,HTS2402,01-Dec,ROF_New_BYOD,11b_ROFNewBYOD_ROF_Rate_plan_continue,25,0,5.672,3.743,10.317,7.094,"38,420.76","10,621.40",25,2.662,8.683,1.505,0,0.00%,133,37
WPC,HTS2402,01-Dec,ROF_New_BYOD,11a_ROFNewBYOD_ROF_Choose_device_continue,25,0,5.438,3.702,10.764,8.056,"35,165","9,157.20",25,2.049,8.827,1.694,0,0.00%,122,32
WPC,HTS2402,01-Dec,ROF_New_BYOD,11_ROFNewBYOD_ROF_RatePlan_Continue,25,0,5.493,3.903,10.33,7.979,"34,968.60","8,899.24",25,2.526,8.461,1.484,0,0.00%,121,31
WPC,HTS2402,01-Dec,ROF_New_BYOD,10_ROFNewBYOD_ROF_DeviceSelctn_Continue,25,0,5.708,2.303,16.571,7.408,"39,860.92","12,445.52",25,-1.057,12.472,3.382,0,0.00%,138,43
WPC,HTS2402,01-Dec,ROF_New_BYOD,09_ROFNewBYOD_ROF_LGS_Continue,25,0,1.483,0.369,3.821,3.527,"31,661.16","7,565.72",25,-0.949,3.916,1.216,0,0.00%,110,26
WPC,HTS2402,01-Dec,ROF_New_BYOD,08_ROFNewBYOD_ROF_LGS_AssignPhnNo,25,0,6.065,3.507,12.152,8.811,"56,741.52","13,644.72",25,1.621,10.509,2.222,0,0.00%,197,47
WPC,HTS2402,01-Dec,ROF_New_BYOD,07_ROFNewBYOD_PCpage_ExpandMobility_ClickConfigure,25,0,5.065,2.53,12.589,7.257,"39,307.84","5,80,256.88",25,0.957,9.173,2.054,0,0.00%,136,"2,015"
WPC,HTS2402,01-Dec,ROF_New_BYOD,06_ROFNewBYOD_PCPage_SelectBetterBundle,25,0,5.337,0.78,19.517,10.152,"35,356.80","79,118.44",25,-3.798,14.472,4.567,0,0.00%,123,275
WPC,HTS2402,01-Dec,ROF_New_BYOD,05_ROFNewBYOD_CustomerInfo_selectCheckbox&ClickNext,25,0,52.674,29.633,86.214,68.571,"41,743","5,27,377.64",11,19.445,85.902,16.614,14,56.00%,145,"1,831"
WPC,HTS2402,01-Dec,ROF_New_BYOD,04_ROFNewBYOD_CustomerInfo_Enterdetails&ClickSearch,25,0,0.572,0.398,2.439,1.015,"4,049.32","23,630.84",25,-0.262,1.407,0.417,0,0.00%,14,82
WPC,HTS2402,01-Dec,ROF_New_BYOD,03_ROFNewBYOD_Home_ClickStartOrder,25,0,0.327,0.02,4.884,0.971,"3,720.92","29,339.40",25,-1.631,2.286,0.979,0,0.00%,13,102
WPC,HTS2402,01-Dec,ROF_New_BYOD,02_ROFNewBYOD_Home_ClickNewAccount,25,0,0.127,0.005,1.625,0.042,"1,663.04","9,501.84",25,-0.667,0.921,0.397,0,0.00%,6,33
WPC,HTS2402,01-Dec,ROF_New_BYOD,01_ROFNewBYOD_HomePage_Agentid_Submit,25,0,0.454,0.097,4.051,1.17,"4,955.40","48,740.28",25,-1.298,2.206,0.876,0,0.00%,17,169
WPC,HTS2402,01-Dec,ROF_New_BYOD,00_ROFNewBYOD_InitialPage,25,0,0.086,0,1.918,0.085,285.12,"17,567.56",25,-0.664,0.836,0.375,0,0.00%,1,61
WPC,HTS2402,01-Dec,ROF_Change_SinSub_MSP,25_ROFChange_SinSubMSP_OrderSummary_SubmitOrder,30,0,4.727,0.131,25.657,7.452,"31,980.17","46,987.53",29,-3.953,13.407,4.34,1,3.33%,133,196
WPC,HTS2402,01-Dec,ROF_Change_SinSub_MSP,24_ROFChange_SinSubMSP_CustomerAppointment_ClickOnNext,30,0,2.021,0.664,4.187,3.406,"36,960.30","3,38,725.33",30,0.199,3.843,0.911,0,0.00%,154,"1,411"
WPC,HTS2402,01-Dec,ROF_Change_SinSub_MSP,23_ROFChange_SinSubMSP_BillingInfo_ClickOnNext,30,0,0.067,0.006,1.072,0.06,"3,579.70","36,877.97",30,-0.308,0.442,0.187,0,0.00%,15,154
WPC,HTS2402,01-Dec,ROF_Change_SinSub_MSP,22_ROFChange_SinSubMSP_ShippingPage_ClickNext,30,0,0.045,0.007,0.239,0.089,"2,434.60","27,979.80",30,-0.046,0.136,0.046,0,0.00%,10,117
WPC,HTS2402,01-Dec,ROF_Change_SinSub_MSP,21_ROFChange_SinSubMSP_CreditInfo_ClickNext,30,0,2.507,0.265,45.114,1.551,"3,115.57","20,320.83",30,-14.32,19.335,8.414,0,0.00%,13,85
WPC,HTS2402,01-Dec,ROF_Change_SinSub_MSP,20_ROFChange_SinSubMSP_PCpage_ClickNext ,30,0,2.807,1.507,12.42,4.083,"9,110.60","42,910.40",30,-1.182,6.796,1.995,0,0.00%,38,179
WPC,HTS2402,01-Dec,ROF_Change_SinSub_MSP,19_ROFChange_SinSubMSP_ROF_ApplyToOrder,30,0,9.061,5.622,15.724,11.664,"32,987.90","88,757.97",30,4.601,13.521,2.23,0,0.00%,137,370
WPC,HTS2402,01-Dec,ROF_Change_SinSub_MSP,18_ROFChange_SinSubMSP_ROF_ChangeName,30,0,1.443,0.738,5.911,2.821,"26,432","6,176.97",30,-0.584,3.47,1.013,0,0.00%,110,26
WPC,HTS2402,01-Dec,ROF_Change_SinSub_MSP,17_ROFChange_SinSubMSP_ROF_SelectMSP_Continue,30,0,0.656,0.481,0.933,0.88,"26,712","6,012.60",30,0.405,0.906,0.125,0,0.00%,111,25
WPC,HTS2402,01-Dec,ROF_Change_SinSub_MSP,16_ROFChange_SinSubMSP_ROF_AddOn_Continue,30,0,4.482,3.185,11.281,5.917,"35,524","10,195.83",30,1.158,7.806,1.662,0,0.00%,148,42
WPC,HTS2402,01-Dec,ROF_Change_SinSub_MSP,15_ROFChange_SinSubMSP_ROF_RatePlan_Continue,30,0,3.154,2.059,7.056,4.671,"34,828","11,313.03",30,0.999,5.308,1.077,0,0.00%,145,47
WPC,HTS2402,01-Dec,ROF_Change_SinSub_MSP,14_ROFChange_SinSubMSP_ROF_DeviceSelctn_Continue,30,0,5.657,3.392,8.545,7.269,"36,020","10,992.37",30,3.287,8.026,1.185,0,0.00%,150,46
WPC,HTS2402,01-Dec,ROF_Change_SinSub_MSP,13_ROFChange_SinSubMSP_ROF_DeviceSelctn_ClickDevice,30,0,5.785,4.375,15.963,7.027,"58,743","12,018.63",30,1.591,9.979,2.097,0,0.00%,245,50
WPC,HTS2402,01-Dec,ROF_Change_SinSub_MSP,12_ROFChange_SinSubMSP_ROF_LGS_Continue,30,0,3.869,2.075,8.587,6.211,"15,192","8,051.83",30,0.677,7.061,1.596,0,0.00%,63,34
WPC,HTS2402,01-Dec,ROF_Change_SinSub_MSP,11_ROFChange_SinSubMSP_ROF_LGS_AssignPhnNo,30,0,1.851,0.462,18.867,2.426,"3,284","1,002.97",30,-4.859,8.562,3.355,0,0.00%,14,4
WPC,HTS2402,01-Dec,ROF_Change_SinSub_MSP,10_ROFChange_SinSubMSP_ROF_Increase_Subscriber1,30,0,2.154,1.514,3.447,3.147,"28,553","5,827.83",30,0.907,3.4,0.623,0,0.00%,119,24
WPC,HTS2402,01-Dec,ROF_Change_SinSub_MSP,09_ROFChange_SinSubMSP_PCpage_Expand_Mobility_ClickConfigure,30,0,3.172,1.341,23.263,4.962,"37,745.40","5,76,421.33",30,-4.727,11.071,3.95,0,0.00%,157,"2,402"
WPC,HTS2402,01-Dec,ROF_Change_SinSub_MSP,08_ROFChange_SinSubMSP_PCpage_Expand_Internet_SelectFibe25+,30,0,37.555,3.52,63.067,62.922,"31,429","84,191.30",30,-20.28,95.391,28.918,0,0.00%,131,351
WPC,HTS2402,01-Dec,ROF_Change_SinSub_MSP,07_ROFChange_SinSubMSP_PCpage_TVProgramming_MoviePackage_ApplyOrder,30,0,37.584,4.237,63.284,62.478,"26,607","96,926.63",30,-19.218,94.387,28.401,0,0.00%,111,404
WPC,HTS2402,01-Dec,ROF_Change_SinSub_MSP,06_ROFChange_SinSubMSP_PCpage_TVProgramming_MoviePackage_SelectSuperEcran,30,0,36.795,3.569,62.29,61.919,"1,311.50","1,55,494.57",30,-20.405,93.995,28.6,0,0.00%,5,648
WPC,HTS2402,01-Dec,ROF_Change_SinSub_MSP,05_ROFChange_SinSubMSP_PCpage_Expand_TV_ClickEdit,30,0,36.822,3.847,62.022,61.714,"9,178","1,76,598.37",30,-19.609,93.254,28.216,0,0.00%,38,736
WPC,HTS2402,01-Dec,ROF_Change_SinSub_MSP,04_ROFChange_SinSubMSP_Home_EnterDetails_ClickStartOrder,30,0,18.182,11.621,63.856,22.052,"34,839.70","2,08,689.50",30,-6.062,42.425,12.122,0,0.00%,145,870
WPC,HTS2402,01-Dec,ROF_Change_SinSub_MSP,03_ROFChange_SinSubMSP_Home_ClickChange,30,0,0.019,0.006,0.185,0.022,"1,912.20","12,138.83",30,-0.046,0.084,0.033,0,0.00%,8,51
WPC,HTS2402,01-Dec,ROF_Change_SinSub_MSP,02_ROFChange_SinSubMSP_ChangeLang,6,0,0,0,0,0,0,0,6,0,0,0,0,0.00%,0,0
WPC,HTS2402,01-Dec,ROF_Change_SinSub_MSP,01_ROFChange_SinSubMSP_Homepage,30,0,0.402,0.112,3.995,0.884,"4,925.10","48,740.93",30,-1.063,1.867,0.732,0,0.00%,21,203
WPC,HTS2402,01-Dec,ROF_Change_SinSub_MSP,00_ROFChange_SinSubMSP_InitialPage,30,0,0.141,0,4.125,0.023,293.5,"17,567.77",30,-1.339,1.621,0.74,0,0.00%,1,73
WPC,HTS2402,01-Dec,ROF_Change_MultiSub,27_ROFChange_MultiSub_OrderSummaryPage_SubmitOrder,40,0,3.763,0.141,9.448,5.655,"32,515.88","38,576.25",40,0.2,7.325,1.781,0,0.00%,181,214
WPC,HTS2402,01-Dec,ROF_Change_MultiSub,25_ROFChange_MultiSub_BillingInfo_ClickNext,40,0,2.372,0.503,8.437,3.728,"38,503.15","3,29,836.65",40,-0.388,5.131,1.38,0,0.00%,214,"1,832"
WPC,HTS2402,01-Dec,ROF_Change_MultiSub,24_ROFChange_MultiSub_Shipping_ClickNext,40,0,0.092,0.007,1.056,0.139,"2,424","26,842.33",40,-0.35,0.534,0.221,0,0.00%,13,149
WPC,HTS2402,01-Dec,ROF_Change_MultiSub,23_ROFChange_MultiSub_CreditInfo_EnterDetails&ClickNext,40,0,6.476,0.006,45.115,10.097,"3,150.05","20,181.43",40,-12.242,25.195,9.359,0,0.00%,18,112
WPC,HTS2402,01-Dec,ROF_Change_MultiSub,22_ROFChange_MultiSub_PCpage_ClickNext ,40,0,3.358,1.644,8.399,6.068,"9,076.08","44,576.35",40,0.174,6.542,1.592,0,0.00%,50,248
WPC,HTS2402,01-Dec,ROF_Change_MultiSub,21_ROFChange_MultiSub_ROF_ApplyToOrder,40,0,9.795,5.83,17.521,12.948,"35,621.13","1,01,953.63",40,4.482,15.109,2.657,0,0.00%,198,566
WPC,HTS2402,01-Dec,ROF_Change_MultiSub,20_ROFChange_MultiSub_ROF_ChangeNameSub2,40,0,3.377,1.791,6.895,5.117,"29,468","7,589.53",40,0.867,5.887,1.255,0,0.00%,164,42
WPC,HTS2402,01-Dec,ROF_Change_MultiSub,19_ROFChange_MultiSub_ROF_ChangeNameSub1,40,0,3.711,1.51,18.757,5.774,"29,476","7,601.68",40,-1.896,9.319,2.804,0,0.00%,164,42
WPC,HTS2402,01-Dec,ROF_Change_MultiSub,18_ROFChange_MultiSub_ROF_MSP_ContinueSub2,40,0,1.4,0.588,22.297,1.126,"26,692","6,490.10",40,-5.394,8.193,3.397,0,0.00%,148,36
WPC,HTS2402,01-Dec,ROF_Change_MultiSub,17_ROFChange_MultiSub_ROF_MSP_ContinueSub1,40,0,1.462,1.07,3.561,1.719,"41,411","11,796.98",40,0.514,2.41,0.474,0,0.00%,230,66
WPC,HTS2402,01-Dec,ROF_Change_MultiSub,16_ROFChange_MultiSub_ROF_AddOn_ContinueSub2,40,0,4.109,2.631,7.597,5.596,"45,012","14,275.35",40,1.732,6.485,1.188,0,0.00%,250,79
WPC,HTS2402,01-Dec,ROF_Change_MultiSub,15_ROFChange_MultiSub_ROF_AddOn_ContinueSub1,40,0,5.153,2.727,15.305,6.255,"54,246","15,600.40",40,1.538,8.767,1.807,0,0.00%,301,87
WPC,HTS2402,01-Dec,ROF_Change_MultiSub,14_ROFChange_MultiSub_ROF_RatePlan_Continue,40,0,6.184,4.101,14.511,8.731,"17,565","7,662.40",40,2.229,10.139,1.978,0,0.00%,98,43
WPC,HTS2402,01-Dec,ROF_Change_MultiSub,13_ROFChange_MultiSub_ROF_DeviceSelctn_ContinueSub2,40,0,6.421,3.779,24.253,8.541,"34,525","9,601.68",40,-0.006,12.848,3.214,0,0.00%,192,53
WPC,HTS2402,01-Dec,ROF_Change_MultiSub,12_ROFChange_MultiSub_ROF_DeviceSelctn_ClickDeviceSub2,40,0,6.368,4.973,11.053,7.74,"39,446","11,449.15",40,4.055,8.681,1.157,0,0.00%,219,64
WPC,HTS2402,01-Dec,ROF_Change_MultiSub,11_ROFChange_MultiSub_ROF_DeviceSelctn_ContinueSub1,40,0,8.095,5.326,22.568,10.855,"36,668","12,266.43",40,1.772,14.418,3.161,0,0.00%,204,68
WPC,HTS2402,01-Dec,ROF_Change_MultiSub,10_ROFChange_MultiSub_ROF_DeviceSelctn_ClickDeviceSub1,40,0,5.909,4.45,10.154,7.381,"60,464","12,831.50",40,3.419,8.4,1.245,0,0.00%,336,71
WPC,HTS2402,01-Dec,ROF_Change_MultiSub,09_ROFChange_MultiSub_ROF_LGS_Continue,40,0,5.023,2.76,13.476,8.12,"15,411","8,081",40,-0.034,10.08,2.529,0,0.00%,86,45
WPC,HTS2402,01-Dec,ROF_Change_MultiSub,08_ROFChange_MultiSub_ROF_LGS_AssignPhnNo2,40,0,1.537,0.357,6.467,3.212,"3,280","1,002.65",40,-1.573,4.647,1.555,0,0.00%,18,6
WPC,HTS2402,01-Dec,ROF_Change_MultiSub,07_ROFChange_MultiSub_ROF_LGS_AssignPhnNo1,40,0,0.01,0.003,0.126,0.012,831,276,40,-0.028,0.048,0.019,0,0.00%,5,2
WPC,HTS2402,01-Dec,ROF_Change_MultiSub,06_ROFChange_MultiSub_ROF_IncreaseSubsTo2,40,0,2.402,1.622,6.146,3.794,"28,505","5,928.93",40,0.53,4.273,0.936,0,0.00%,158,33
WPC,HTS2402,01-Dec,ROF_Change_MultiSub,05_ROFChange_MultiSub_ROF_IncreaseSubsTo1,40,0,2.641,1.479,17.177,4.03,"30,995","6,655.95",40,-2.421,7.703,2.531,0,0.00%,172,37
WPC,HTS2402,01-Dec,ROF_Change_MultiSub,04_ROFChange_MultiSub_PCpage_ExpandMobility_ClickConfigure,40,0,2.572,1.319,15.677,3.639,"37,478","5,76,428.65",40,-2.596,7.741,2.584,0,0.00%,208,"3,202"
WPC,HTS2402,01-Dec,ROF_Change_MultiSub,03_ROFChange_MultiSub_Home_ClickStartOrder,40,0,15.367,11.666,61.937,19.01,"34,627.08","2,08,647.35",40,-0.366,31.099,7.866,0,0.00%,192,"1,159"
WPC,HTS2402,01-Dec,ROF_Change_MultiSub,02_ROFChange_MultiSub_Home_ClickChange,40,0,0.033,0.006,0.577,0.041,"1,908","12,138.65",40,-0.148,0.215,0.091,0,0.00%,11,67
WPC,HTS2402,01-Dec,ROF_Change_MultiSub,01_ROFChange_MultiSub_Homepage,40,0,0.36,0.097,3.618,0.869,"4,911.98","48,741.13",40,-0.845,1.566,0.603,0,0.00%,27,271
WPC,HTS2402,01-Dec,ROF_Change_MultiSub,00_ROFChange_MultiSub_InitialPage,40,0,0.206,0,4.118,0.032,292.375,"17,568.33",40,-1.539,1.951,0.872,0,0.00%,2,98
WPC,HTS2402,01-Dec,PS03_XLOB_DataAPI_Transaction,PS_RetailQuoteService_POST,"1,200",0,0.121,0.017,10.862,0.149,"2,515",303.318,"1,197",-0.509,0.75,0.315,3,0.25%,419,51
WPC,HTS2402,01-Dec,PS03_XLOB_DataAPI_Transaction,PS_ProductOrder_PATCH,"1,200",0,0.27,0.181,9.68,0.295,"2,320",531.364,"1,200",-0.524,1.063,0.397,0,0.00%,387,89
WPC,HTS2402,01-Dec,PS03_XLOB_DataAPI_Transaction,PS_InitializeOrder_POST,"1,200",0,0.184,0.016,6.517,0.297,"8,902.79","2,305.17","1,200",-0.477,0.845,0.33,0,0.00%,"1,484",384
WPC,HTS2402,01-Dec,LookUpPromo_UPC,02_WPC_LookUpPromo_ClickSearch,30,0,1.864,0.51,13.739,3.163,"9,220.33","46,866.27",30,-2.943,6.671,2.404,0,0.00%,38,195
WPC,HTS2402,01-Dec,LookUpPromo_UPC,01_WPC_LookUpPromo_HomePage,30,0,0.421,0.013,2.671,1.77,"2,967.40","51,526.90",30,-1.125,1.967,0.773,0,0.00%,12,215
WPC,HTS2402,01-Dec,BundleAPI,TC02_Update_Mobility,155,0,0.053,0.028,0.27,0.085,588.8,248,155,-0.017,0.124,0.035,0,0.00%,13,5
WPC,HTS2402,01-Dec,BundleAPI,TC01_Create_Mobility,155,0,0.158,0.062,1.302,0.189,553.581,251.252,155,-0.32,0.635,0.239,0,0.00%,12,5
WPC,HTS2402,01-Dec,BundleAPI,DataApiInititializeOrder,155,0,0.056,0.015,1.052,0.087,"7,070.29",491.774,155,-0.233,0.346,0.145,0,0.00%,152,11
